County,Region
Adams,Central Illinois
Alexander,Southern Illinois
Bond,Central Illinois
Boone,Cook and Collar Counties
Brown,Central Illinois
Bureau,Cook and Collar Counties
Calhoun,Central Illinois
Carroll,Cook and Collar Counties
Cass,Central Illinois
Champaign,Central Illinois
Christian,Central Illinois
Clark,Central Illinois
Clay,Southern Illinois
Clinton,Southern Illinois
Coles,Central Illinois
Cook,Cook and Collar Counties
Crawford,Southern Illinois
Cumberland,Central Illinois
De Witt,Central Illinois
DeKalb,Cook and Collar Counties
Douglas,Central Illinois
DuPage,Collar Counties
Edgar,Central Illinois
Edwards,Southern Illinois
Effingham,Central Illinois
Fayette,Central Illinois
Ford,Cook and Collar Counties
Franklin,Southern Illinois
Fulton,Cook and Collar Counties
Gallatin,Southern Illinois
Greene,Central Illinois
Grundy,Cook and Collar Counties
Hamilton,Southern Illinois
Hancock,Cook and Collar Counties
Hardin,Southern Illinois
Henderson,Cook and Collar Counties
Henry,Cook and Collar Counties
Iroquois,Cook and Collar Counties
Jackson,Southern Illinois
Jasper,Central Illinois
Jefferson,Southern Illinois
Jersey,Central Illinois
Jo Daviess,Cook and Collar Counties
Johnson,Southern Illinois
Kane,Collar Counties
Kankakee,Cook and Collar Counties
Kendall,Cook and Collar Counties
Knox,Cook and Collar Counties
Lake,Collar Counties
LaSalle,Cook and Collar Counties
Lawrence,Southern Illinois
Lee,Cook and Collar Counties
Livingston,Cook and Collar Counties
Logan,Central Illinois
Macon,Central Illinois
Macoupin,Central Illinois
Madison,Central Illinois
Marion,Southern Illinois
Marshall,Cook and Collar Counties
Mason,Central Illinois
Massac,Southern Illinois
McDonough,Cook and Collar Counties
McHenry,Collar Counties
McLean,Cook and Collar Counties
Menard,Central Illinois
Mercer,Cook and Collar Counties
Monroe,Southern Illinois
Montgomery,Central Illinois
Morgan,Central Illinois
Moultrie,Central Illinois
Ogle,Cook and Collar Counties
Peoria,Cook and Collar Counties
Perry,Southern Illinois
Piatt,Central Illinois
Pike,Central Illinois
Pope,Southern Illinois
Pulaski,Southern Illinois
Putnam,Cook and Collar Counties
Randolph,Southern Illinois
Richland,Southern Illinois
Rock Island,Cook and Collar Counties
Saline,Southern Illinois
Sangamon,Central Illinois
Schuyler,Central Illinois
Scott,Central Illinois
Shelby,Central Illinois
St. Clair,Southern Illinois
Stark,Cook and Collar Counties
Stephenson,Cook and Collar Counties
Tazewell,Cook and Collar Counties
Union,Southern Illinois
Vermilion,Central Illinois
Wabash,Southern Illinois
Warren,Cook and Collar Counties
Washington,Southern Illinois
Wayne,Southern Illinois
White,Southern Illinois
Whiteside,Cook and Collar Counties
Will,Collar Counties
Williamson,Southern Illinois
Winnebago,Cook and Collar Counties
Woodford,Cook and Collar Counties
